{
  "Author": "Speakingevil",
  "Compatibility": "Compatible",
  "DefuserDifficulty": "Medium",
  "Description": "Memorise a grid of tiles, each with two images that are revealed by viewing the module from different angles.",
  "ExpertDifficulty": "Easy",
  "ModuleID": "holographicMemory",
  "Name": "Holographic Memory",
  "Origin": "Mods",
  "Published": "2022-06-26",
  "SortKey": "HOLOGRAPHICMEMORY",
  "SourceUrl": "https://github.com/Speakingevil/holographic-memory",
  "SteamID": "2826387132",
  "Symbol": "Holm",
  "Type": "Regular"
}